platform	month	eq. cross. time	node
AVTIN	1979-01-01	03:01:57.748813	descending
AVTIN	1979-02-01	03:03:17.881641	descending
AVTIN	1979-03-01	03:04:20.191223	descending
AVTIN	1979-04-01	03:05:26.039123	descending
AVTIN	1979-05-01	03:06:32.834133	descending
AVTIN	1979-09-01	03:12:02.122006	descending
AVTIN	1979-10-01	03:13:51.025426	descending
AVTIN	1980-01-01	03:18:43.140868	descending
AVN06	1980-01-01	19:33:56.766774	ascending
AVN06	1980-02-01	19:34:46.336711	ascending
AVN06	1980-03-01	19:34:55.560266	ascending
AVN06	1980-04-01	19:35:35.691082	ascending
AVN06	1980-05-01	19:36:04.692474	ascending
AVN06	1980-06-01	19:36:29.004948	ascending
AVN06	1980-07-01	19:36:57.552346	ascending
AVN06	1980-08-01	19:37:22.560710	ascending
AVN06	1980-09-01	19:37:45.818671	ascending
AVN06	1980-10-01	19:37:44.571547	ascending
AVN06	1980-11-01	19:38:17.128390	ascending
AVN06	1980-12-01	19:38:44.430838	ascending
AVN06	1981-01-01	19:38:49.693992	ascending
AVN06	1981-02-01	19:39:03.057320	ascending
AVN06	1981-03-01	19:39:03.524861	ascending
AVN06	1981-04-01	19:39:11.712394	ascending
AVN06	1981-05-01	19:39:14.531214	ascending
AVN06	1981-06-01	19:39:16.784104	ascending
AVN06	1981-07-01	19:39:01.309438	ascending
AVN06	1981-08-01	19:39:08.494603	ascending
AVN07	1981-09-01	02:31:34.556757	descending
AVN07	1981-10-01	02:32:39.508786	descending
AVN07	1981-11-01	02:33:52.817694	descending
AVN07	1981-12-01	02:34:52.490113	descending
AVN07	1982-01-01	02:35:51.224602	descending
AVN07	1982-05-01	02:41:17.861614	descending
AVN07	1982-07-01	02:44:54.412364	descending
AVN07	1982-10-01	02:49:30.472964	descending
AVN07	1983-01-01	02:55:10.559018	descending
AVN07	1983-03-01	02:59:23.297519	descending
AVN07	1983-04-01	03:01:43.882394	descending
AVN07	1983-06-01	03:05:45.216399	descending
AVN07	1983-07-01	03:08:24.592602	descending
AVN07	1983-10-01	03:15:31.550356	descending
AVN07	1983-11-01	03:18:12.878214	descending
AVN07	1984-01-01	03:23:43.040356	descending
AVN07	1984-02-01	03:26:21.281321	descending
AVN07	1984-05-01	03:35:06.014437	descending
AVN07	1984-06-01	03:38:10.466496	descending
AVN07	1984-08-01	03:44:23.782061	descending
AVN07	1984-09-01	03:47:22.611044	descending
AVN07	1984-12-01	03:57:10.995726	descending
AVN07	1985-01-01	04:00:46.285742	descending
AVN08	1983-09-01	19:33:44.210237	ascending
AVN08	1983-10-01	19:34:31.311755	ascending
AVN08	1983-11-01	19:35:08.941321	ascending
AVN08	1983-12-01	19:35:41.936586	ascending
AVN08	1984-02-01	19:36:44.474620	ascending
AVN08	1984-03-01	19:37:13.126601	ascending
AVN08	1984-04-01	19:37:35.943378	ascending
AVN08	1984-05-01	19:37:55.256435	ascending
AVN08	1984-06-01	19:38:12.434328	ascending
AVN08			ascending
AVN08			ascending
AVN08			ascending
AVN08			ascending
AVN08			ascending
AVN08			ascending
AVN08			ascending
AVN08			ascending
AVN08			ascending
AVN08			ascending
AVN08			ascending
AVN08			ascending
AVN08	1985-07-01	19:38:02.184149	ascending
AVN08	1985-08-01	19:37:55.726289	ascending
AVN08	1985-10-01	19:36:59.350285	ascending
AVN09	1985-05-01	02:24:24.798821	descending
AVN09	1985-09-01	02:30:00.020365	descending
AVN09	1985-10-01	02:31:09.361066	descending
AVN09	1986-01-01	02:36:22.810692	descending
AVN09	1986-02-01	02:37:56.850692	descending
AVN09	1986-03-01	02:39:42.163253	descending
AVN09	1986-10-01	02:54:12.174517	descending
AVN09	1986-11-01	02:56:08.063816	descending
AVN09	1987-02-01	03:03:48.082420	descending
AVN09	1987-03-01	03:05:46.775482	descending
AVN09	1987-06-01	03:14:21.272213	descending
AVN09	1987-07-01	03:16:44.792870	descending
AVN09	1987-09-01	03:22:35.318349	descending
AVN09	1987-10-01	03:25:46.990532	descending
AVN09	1988-01-01	03:34:27.977836	descending
AVN09	1988-02-01	03:38:12.721591	descending
AVN09	1988-05-01	03:47:39.757214	descending
AVN09	1988-08-01	03:57:57.521718	descending
AVN09	1988-09-01	04:01:43.217624	descending
AVN09	1988-11-01	04:09:26.494528	descending
AVN10	1986-11-01	19:30:42.030282	ascending
AVN10	1986-12-01	19:31:27.693316	ascending
AVN10	1987-01-01	19:32:10.811046	ascending
AVN10	1987-02-01	19:32:48.347127	ascending
AVN10	1987-03-01	19:33:24.609212	ascending
AVN10	1987-04-01	19:33:54.552134	ascending
AVN10	1987-05-01	19:34:24.573829	ascending
AVN10	1987-06-01	19:35:17.223969	ascending
AVN10	1987-07-01	19:35:17.303141	ascending
AVN10	1987-08-01	19:35:47.933243	ascending
AVN10	1987-09-01	19:36:14.308853	ascending
AVN10	1987-10-01	19:36:41.007317	ascending
AVN10	1987-11-01	19:36:53.138950	ascending
AVN10	1987-12-01	19:37:02.199614	ascending
AVN10	1988-01-01	19:37:10.623984	ascending
AVN10	1988-02-01	19:37:16.131615	ascending
AVN10	1988-03-01	19:37:20.742899	ascending
AVN10	1988-04-01	19:37:22.801668	ascending
AVN10	1988-05-01	19:37:23.770182	ascending
AVN10	1988-06-01	19:37:16.140745	ascending
AVN10	1988-07-01	19:37:08.646526	ascending
AVN10	1988-08-01	19:36:58.723635	ascending
AVN10	1988-09-01	19:36:52.449531	ascending
AVN10	1988-10-01	19:36:39.066699	ascending
AVN10	1988-11-01	19:36:27.983124	ascending
AVN10	1988-12-01	19:36:06.884849	ascending
AVN10	1989-01-01	19:35:39.798579	ascending
AVN10	1989-02-01	19:35:17.223560	ascending
AVN10	1989-03-01	19:34:55.495983	ascending
AVN10	1989-04-01	19:34:24.055853	ascending
AVN10	1989-05-01	19:33:56.465974	ascending
AVN10	1989-06-01	19:33:25.362732	ascending
AVN10	1989-07-01	19:32:52.484616	ascending
AVN10	1989-08-01	19:32:13.296383	ascending
AVN10	1989-09-01	19:31:37.650094	ascending
AVN10	1989-10-01	19:30:57.483092	ascending
AVN10	1989-11-01	19:30:17.582301	ascending
AVN10	1989-12-01	19:29:33.616967	ascending
AVN10	1990-01-01	19:28:47.501844	ascending
AVN10	1990-02-01	19:27:54.502607	ascending
AVN10	1990-03-01	19:27:08.542372	ascending
AVN10	1990-04-01	19:26:19.646221	ascending
AVN10	1990-05-01	19:25:20.987407	ascending
AVN10	1990-06-01	19:24:24.388863	ascending
AVN10	1990-07-01	19:23:24.042039	ascending
AVN10	1990-08-01	19:22:23.257359	ascending
AVN10	1990-09-01	19:21:22.333184	ascending
AVN10	1990-10-01	19:20:21.095769	ascending
AVN10	1990-11-01	19:19:13.484360	ascending
AVN10	1990-12-01	19:18:01.567417	ascending
AVN10	1991-01-01	19:16:51.603198	ascending
AVN10	1991-02-01	19:15:36.513100	ascending
AVN10	1991-03-01	19:14:28.453497	ascending
AVN10	1991-04-01	19:13:10.705773	ascending
AVN10	1991-05-01	19:11:53.566027	ascending
AVN10	1991-06-01	19:10:32.004424	ascending
AVN10	1991-07-01	19:09:11.379215	ascending
AVN10	1991-08-01	19:07:49.743040	ascending
AVN10	1991-09-01	19:06:29.013353	ascending
AVN11	1988-11-01	01:39:40.132912	descending
AVN11	1988-12-01	01:40:20.935893	descending
AVN11	1989-03-01	01:43:08.075127	descending
AVN11	1989-08-01	01:48:38.477660	descending
AVN11	1989-09-01	01:49:56.908123	descending
AVN11	1989-10-01	01:51:25.531841	descending
AVN11	1990-02-01	01:57:23.295055	descending
AVN11	1990-03-01	01:58:53.713857	descending
AVN11	1990-06-01	02:04:16.849375	descending
AVN11	1990-07-01	02:06:08.776299	descending
AVN11	1990-09-01	02:09:44.723178	descending
AVN11	1990-10-01	02:11:55.758953	descending
AVN11	1990-12-01	02:16:04.401639	descending
AVN11	1991-02-01	02:20:46.151020	descending
AVN11	1991-03-01	02:23:06.407392	descending
AVN11	1991-08-01	02:35:58.288641	descending
AVN11	1991-09-01	02:38:32.453307	descending
AVN11	1991-10-01	02:41:19.400503	descending
AVN11	1991-11-01	02:44:30.681587	descending
AVN11	1992-01-01	02:50:15.371629	descending
AVN11	1992-03-01	02:56:39.139356	descending
AVN11	1992-05-01	03:03:06.356794	descending
AVN11	1992-06-01	03:06:29.146661	descending
AVN11	1992-08-01	03:13:44.072715	descending
AVN11	1992-09-01	03:17:08.760824	descending
AVN11	1992-11-01	03:24:26.720660	descending
AVN11	1992-12-01	03:28:18.377201	descending
AVN11	1993-02-01	03:35:44.534991	descending
AVN11	1993-05-01	03:47:42.027602	descending
AVN11	1993-08-01	04:00:19.950152	descending
AVN11	1993-09-01	04:04:37.613367	descending
AVN11	1993-11-01	04:13:00.700125	descending
AVN11	1993-12-01	04:17:35.954491	descending
AVN11	1994-03-01	04:30:38.051707	descending
AVN11	1994-06-01	04:44:55.402456	descending
AVN11	1994-10-01	05:04:07.529571	descending
AVN12	1991-09-01	19:31:30.316716	ascending
AVN12	1991-10-01	19:31:53.358133	ascending
AVN12	1991-11-01	19:32:15.019178	ascending
AVN12	1991-12-01	19:32:32.529045	ascending
AVN12	1992-01-01	19:32:47.728810	ascending
AVN12	1992-02-01	19:33:01.354963	ascending
AVN12	1992-03-01	19:33:12.013528	ascending
AVN12	1992-04-01	19:33:22.965568	ascending
AVN12	1992-05-01	19:33:30.071490	ascending
AVN12	1992-06-01	19:33:36.475632	ascending
AVN12	1992-07-01	19:33:38.313416	ascending
AVN12	1992-08-01	19:33:40.710495	ascending
AVN12	1992-09-01	19:33:41.861569	ascending
AVN12	1992-10-01	19:33:40.056692	ascending
AVN12	1992-11-01	19:33:33.431829	ascending
AVN12	1992-12-01	19:33:22.423081	ascending
AVN12	1993-01-01	19:33:10.575604	ascending
AVN12	1993-02-01	19:32:56.555208	ascending
AVN12	1993-03-01	19:32:40.359032	ascending
AVN12	1993-04-01	19:32:20.225270	ascending
AVN12	1993-05-01	19:31:57.503914	ascending
AVN12	1993-06-01	19:31:32.897789	ascending
AVN12	1993-07-01	19:31:06.251476	ascending
AVN12	1993-08-01	19:30:37.495522	ascending
AVN12	1993-09-01	19:30:08.814684	ascending
AVN12	1993-10-01	19:29:37.429209	ascending
AVN12	1993-11-01	19:29:01.897551	ascending
AVN12	1993-12-01	19:28:22.092359	ascending
AVN12	1994-01-01	19:27:38.442818	ascending
AVN12	1994-02-01	19:26:52.168702	ascending
AVN12	1994-03-01	19:26:09.472923	ascending
AVN12	1994-04-01	19:25:19.586994	ascending
AVN12	1994-05-01	19:24:28.425331	ascending
AVN12	1994-06-01	19:23:33.333129	ascending
AVN12	1994-07-01	19:22:37.060203	ascending
AVN12	1994-08-01	19:21:39.454450	ascending
AVN12	1994-09-01	19:20:39.931799	ascending
AVN12	1994-10-01	19:19:39.482897	ascending
AVN12	1994-11-01	19:18:33.998126	ascending
AVN12	1994-12-01	19:17:26.586696	ascending
AVN12	1995-01-01	19:16:14.842104	ascending
AVN12	1995-02-01	19:14:59.748512	ascending
AVN12	1995-03-01	19:13:51.072383	ascending
AVN12	1995-04-01	19:12:33.559704	ascending
AVN12	1995-05-01	19:11:15.671400	ascending
AVN12	1995-06-01	19:09:53.385047	ascending
AVN12	1995-07-01	19:08:32.089295	ascending
AVN12	1995-08-01	19:07:06.824281	ascending
AVN12	1995-09-01	19:05:40.788569	ascending
AVN12	1995-10-01	19:04:15.265831	ascending
AVN12	1995-11-01	19:02:43.796801	ascending
AVN12	1995-12-01	19:01:12.130495	ascending
AVN12	1996-01-01	18:59:33.720207	ascending
AVN12	1996-02-01	18:57:55.448779	ascending
AVN12	1996-03-01	18:56:21.594713	ascending
AVN12	1996-04-01	18:54:40.634560	ascending
AVN12	1996-05-01	18:53:01.410353	ascending
AVN12	1996-06-01	18:51:16.307947	ascending
AVN12	1996-07-01	18:49:32.924498	ascending
AVN12	1996-08-01	18:47:46.012842	ascending
AVN12	1996-09-01	18:45:58.187837	ascending
AVN12	1996-10-01	18:44:12.455562	ascending
AVN12	1996-11-01	18:42:21.323843	ascending
AVN12	1996-12-01	18:40:31.046195	ascending
AVN12	1997-01-01	18:38:33.749061	ascending
AVN12	1997-02-01	18:36:36.690239	ascending
AVN12	1997-03-01	18:34:50.934013	ascending
AVN12	1997-04-01	18:32:52.669610	ascending
AVN12	1997-05-01	18:30:58.122300	ascending
AVN12	1997-06-01	18:28:57.062003	ascending
AVN12	1997-07-01	18:27:01.325207	ascending
AVN12	1997-08-01	18:25:00.244122	ascending
AVN12	1997-09-01	18:22:58.596703	ascending
AVN12	1997-10-01	18:21:00.942130	ascending
AVN12	1997-11-01	18:18:57.951859	ascending
AVN12	1997-12-01	18:16:56.047694	ascending
AVN12	1998-01-01	18:14:49.137986	ascending
AVN12	1998-02-01	18:12:43.130183	ascending
AVN12	1998-03-01	18:10:49.987420	ascending
AVN12	1998-04-01	18:08:44.614378	ascending
AVN12	1998-05-01	18:06:44.251650	ascending
AVN12	1998-06-01	18:04:38.362586	ascending
AVN12	1998-07-01	18:02:36.287834	ascending
AVN12	1998-08-01	18:00:29.637513	ascending
AVN12	1998-09-01	17:58:24.782574	ascending
AVN12	1998-10-01	17:56:25.120927	ascending
AVN12	1998-11-01	17:54:19.697195	ascending
AVN12	1998-12-01	17:52:18.324187	ascending
AVN14	1995-02-01	01:39:45.845953	descending
AVN14	1995-03-01	01:40:08.468914	descending
AVN14	1995-06-01	01:42:30.170826	descending
AVN14	1995-07-01	01:43:06.030543	descending
AVN14	1995-10-01	01:45:49.456175	descending
AVN14	1996-01-01	01:48:45.421233	descending
AVN14	1996-02-01	01:50:02.287463	descending
AVN14	1996-05-01	01:53:31.534070	descending
AVN14	1996-08-01	01:57:34.901057	descending
AVN14	1996-09-01	01:59:06.533220	descending
AVN14	1996-11-01	02:02:17.387077	descending
AVN14	1996-12-01	02:03:43.012614	descending
AVN14	1997-02-01	02:07:23.882662	descending
AVN14	1997-03-01	02:09:04.494407	descending
AVN14	1997-04-01	02:10:46.953828	descending
AVN14	1997-06-01	02:14:49.879734	descending
AVN14	1997-07-01	02:16:54.092855	descending
AVN14	1997-09-01	02:20:50.527764	descending
AVN14	1997-10-01	02:23:06.419948	descending
AVN14	1997-12-01	02:27:36.656702	descending
AVN14	1998-01-01	02:29:51.403327	descending
AVN14	1998-04-01	02:37:23.857703	descending
AVN14	1998-06-01	02:42:35.255584	descending
AVN14	1998-07-01	02:45:26.753783	descending
AVN14	1998-09-01	02:50:52.612605	descending
AVN14	1998-10-01	02:53:42.834443	descending
AVN14	1998-12-01	02:59:52.508606	descending
AVN14	1999-02-01	03:05:58.410159	descending
AVN14	1999-03-01	03:09:04.904366	descending
AVN14	1999-05-01	03:15:40.742675	descending
AVN14	1999-06-01	03:19:02.684722	descending
AVN14	1999-08-01	03:26:17.787732	descending
AVN14	1999-10-01	03:33:11.438852	descending
AVN14	1999-12-01	03:40:53.532153	descending
AVN14	2000-02-01	03:48:27.927613	descending
AVN14	2000-03-01	03:52:14.992480	descending
AVN14	2000-05-01	04:00:33.263403	descending
AVN14	2000-07-01	04:08:41.960651	descending
AVN14	2000-08-01	04:13:11.354891	descending
AVN14	2000-10-01	04:21:39.450554	descending
AVN14	2000-12-01	04:30:34.950012	descending
AVN14	2001-05-01	04:53:24.549609	descending
AVN14	2001-07-01	05:02:38.841183	descending
AVN14	2001-08-01	05:07:34.908530	descending
AVN14	2001-10-01	05:17:21.375699	descending
AVN14	2001-11-01	05:22:08.836150	descending
AVN14	2002-01-01	05:32:09.280823	descending
AVN14	2002-02-01	05:37:10.292374	descending
AVN14	2002-04-01	05:46:36.394747	descending
AVN14	2002-05-01	05:51:45.129882	descending
AVN14	2002-09-01	06:12:01.295927	descending
AVN14	2002-10-01	06:17:05.590656	descending
AVN15	1998-10-01	19:31:21.202272	ascending
AVN15	1998-11-01	19:31:39.457105	ascending
AVN15	1998-12-01	19:31:53.466254	ascending
AVN15	1999-01-01	19:32:03.876261	ascending
AVN15	1999-02-01	19:32:12.876221	ascending
AVN15	1999-03-01	19:32:18.893309	ascending
AVN15	1999-04-01	19:32:23.231805	ascending
AVN15	1999-05-01	19:32:23.701013	ascending
AVN15	1999-06-01	19:32:21.908214	ascending
AVN15	1999-07-01	19:32:19.319193	ascending
AVN15	1999-08-01	19:32:15.011687	ascending
AVN15	1999-09-01	19:32:08.454614	ascending
AVN15	1999-10-01	19:31:59.822465	ascending
AVN15	1999-11-01	19:31:48.463821	ascending
AVN15	1999-12-01	19:31:33.064382	ascending
AVN15	2000-01-01	19:31:12.582336	ascending
AVN15	2000-02-01	19:30:51.913550	ascending
AVN15	2000-03-01	19:30:31.021053	ascending
AVN15	2000-04-01	19:30:04.683662	ascending
AVN15	2000-05-01	19:29:37.568615	ascending
AVN15	2000-06-01	19:29:06.908761	ascending
AVN15	2000-07-01	19:28:35.049728	ascending
AVN15	2000-08-01	19:28:02.422280	ascending
AVN15	2000-09-01	19:27:27.534004	ascending
AVN15	2000-10-01	19:26:52.770531	ascending
AVN15	2000-11-01	19:26:12.067297	ascending
AVN15	2000-12-01	19:25:30.235067	ascending
AVN15	2001-01-01	19:24:42.938234	ascending
AVN15	2001-02-01	19:23:53.852697	ascending
AVN15	2001-03-01	19:23:08.240943	ascending
AVN15	2001-04-01	19:22:15.106622	ascending
AVN15	2001-05-01	19:21:22.292574	ascending
AVN15	2001-06-01	19:20:24.798936	ascending
AVN15	2001-07-01	19:19:26.870769	ascending
AVN15	2001-08-01	19:18:27.243713	ascending
AVN15	2001-09-01	19:17:25.222898	ascending
AVN15	2001-10-01	19:16:23.274476	ascending
AVN15	2001-11-01	19:15:17.222754	ascending
AVN15	2001-12-01	19:14:10.561609	ascending
AVN15	2002-01-01	19:12:58.131311	ascending
AVN15	2002-02-01	19:11:44.324163	ascending
AVN15	2002-03-01	19:10:36.759271	ascending
AVN15	2002-04-01	19:09:21.619059	ascending
AVN15	2002-05-01	19:08:06.556742	ascending
AVN15	2002-06-01	19:06:47.126590	ascending
AVN15	2002-07-01	19:05:27.642593	ascending
AVN15	2002-08-01	19:04:05.215388	ascending
AVN15	2002-09-01	19:02:43.358112	ascending
AVN15	2002-10-01	19:01:20.606461	ascending
AVN15	2002-11-01	18:59:55.116775	ascending
AVN15	2002-12-01	18:58:27.476517	ascending
AVN15	2003-01-01	18:56:53.672387	ascending
AVN15	2003-02-01	18:55:20.237440	ascending
AVN15	2003-03-01	18:53:54.359615	ascending
AVN15	2003-04-01	18:52:19.042507	ascending
AVN15	2003-05-01	18:50:44.526128	ascending
AVN15	2003-06-01	18:49:05.368133	ascending
AVN15	2003-07-01	18:47:27.897629	ascending
AVN15	2003-08-01	18:45:46.307864	ascending
AVN15	2003-09-01	18:44:04.445245	ascending
AVN15	2003-10-01	18:42:24.735597	ascending
AVN15	2003-11-01	18:40:40.152816	ascending
AVN15	2003-12-01	18:38:55.872744	ascending
AVN15	2004-01-01	18:37:06.907868	ascending
AVN15	2004-02-01	18:35:15.887839	ascending
AVN15	2004-03-01	18:33:32.308955	ascending
AVN15	2004-04-01	18:31:41.635087	ascending
AVN15	2004-05-01	18:29:53.586973	ascending
AVN15	2004-06-01	18:27:59.834241	ascending
AVN15	2004-07-01	18:26:08.795420	ascending
AVN15	2004-08-01	18:24:16.072288	ascending
AVN15	2004-09-01	18:22:20.587261	ascending
AVN15	2004-10-01	18:20:29.821745	ascending
AVN15	2004-11-01	18:18:32.288641	ascending
AVN15	2004-12-01	18:16:38.672953	ascending
AVN15	2005-01-01	18:14:38.238566	ascending
AVN15	2005-02-01	18:12:38.560523	ascending
AVN15	2005-03-01	18:10:51.121172	ascending
AVN15	2005-04-01	18:08:54.108341	ascending
AVN15	2005-05-01	18:07:00.179823	ascending
AVN15	2005-06-01	18:04:59.945857	ascending
AVN15	2005-07-01	18:03:03.158830	ascending
AVN15	2005-08-01	18:01:03.736905	ascending
AVN15	2005-09-01	17:59:05.185868	ascending
AVN15	2005-10-01	17:57:11.640118	ascending
AVN15	2005-11-01	17:55:13.025816	ascending
AVN15	2005-12-01	17:53:17.197033	ascending
AVN15	2006-01-01	17:51:16.359584	ascending
AVN15	2006-02-01	17:49:16.202043	ascending
AVN15	2006-03-01	17:47:29.649012	ascending
AVN15	2006-04-01	17:45:34.112966	ascending
AVN15	2006-05-01	17:43:41.264302	ascending
AVN15	2006-06-01	17:41:47.541520	ascending
AVN15	2006-07-01	17:39:55.893647	ascending
AVN15	2006-08-01	17:38:00.010602	ascending
AVN15	2006-09-01	17:36:06.546601	ascending
AVN15	2006-10-01	17:34:17.738175	ascending
AVN15	2006-11-01	17:32:26.153765	ascending
AVN15	2006-12-01	17:30:37.527288	ascending
AVN15	2007-01-01	17:28:45.889470	ascending
AVN15	2007-02-01	17:26:55.390654	ascending
AVN15	2007-03-01	17:25:16.586285	ascending
AVN15	2007-04-01	17:23:32.284271	ascending
AVN15	2007-05-01	17:21:51.107304	ascending
AVN15	2007-06-01	17:20:08.341343	ascending
AVN15	2007-07-01	17:18:29.569660	ascending
AVN15	2007-08-01	17:16:46.856450	ascending
AVN15	2007-09-01	17:15:08.530948	ascending
AVN15	2007-10-01	17:13:33.400057	ascending
AVN15	2007-11-01	17:11:57.560866	ascending
AVN15	2007-12-01	17:10:24.507019	ascending
AVN15	2008-01-01	17:08:49.549400	ascending
AVN15	2008-02-01	17:07:16.488029	ascending
AVN15	2008-03-01	17:05:52.226244	ascending
AVN15	2008-04-01	17:04:25.917123	ascending
AVN15	2008-05-01	17:03:04.031787	ascending
AVN15	2008-06-01	17:01:41.691668	ascending
AVN15	2008-07-01	17:00:23.207869	ascending
AVN15	2008-08-01	16:59:00.012671	ascending
AVN15	2008-09-01	16:57:41.872237	ascending
AVN15	2008-10-01	16:56:27.474040	ascending
AVN15	2008-11-01	16:55:15.436977	ascending
AVN15	2008-12-01	16:54:03.624503	ascending
AVN15	2009-01-01	16:52:52.828249	ascending
AVN15	2009-02-01	16:51:44.197258	ascending
AVN15	2009-03-01	16:50:44.696806	ascending
AVN15	2009-04-01	16:49:43.421767	ascending
AVN15	2009-05-01	16:48:46.455833	ascending
AVN15	2009-06-01	16:47:48.957557	ascending
AVN15	2009-07-01	16:46:54.539584	ascending
AVN15	2009-08-01	16:45:59.312282	ascending
AVN15	2009-09-01	16:45:09.160255	ascending
AVN15	2009-10-01	16:44:19.765151	ascending
AVN15	2009-11-01	16:43:33.774366	ascending
AVN15	2009-12-01	16:42:50.239783	ascending
AVN15	2010-01-01	16:42:07.195610	ascending
AVN15	2010-02-01	16:41:25.273741	ascending
AVN15	2010-03-01	16:40:52.663990	ascending
AVN15	2010-04-01	16:40:19.835556	ascending
AVN15	2010-05-01	16:39:51.090347	ascending
AVN15	2010-06-01	16:39:22.614232	ascending
AVN15	2010-07-01	16:38:56.747550	ascending
AVN15	2010-08-01	16:38:30.806634	ascending
AVN15	2010-09-01	16:38:09.820601	ascending
AVN15	2010-10-01	16:37:52.869824	ascending
AVN15	2010-11-01	16:37:36.377579	ascending
AVN15	2010-12-01	16:37:21.859264	ascending
AVN15	2011-01-01	16:37:08.767159	ascending
AVN15	2011-02-01	16:36:59.034316	ascending
AVN15	2011-03-01	16:36:53.621642	ascending
AVN15	2011-04-01	16:36:51.078981	ascending
AVN15	2011-05-01	16:36:51.459451	ascending
AVN15	2011-06-01	16:36:54.988096	ascending
AVN15	2011-07-01	16:36:59.915815	ascending
AVN15	2011-08-01	16:37:07.792404	ascending
AVN15	2011-09-01	16:37:16.673288	ascending
AVN15	2011-10-01	16:37:28.651882	ascending
AVN15	2011-11-01	16:37:43.421302	ascending
AVN15	2011-12-01	16:37:59.196765	ascending
AVN15	2012-01-01	16:38:19.749655	ascending
AVN15	2012-02-01	16:38:41.887283	ascending
AVN15	2012-03-01	16:39:07.162441	ascending
AVN15	2012-04-01	16:39:37.084988	ascending
AVN15	2012-05-01	16:40:10.438488	ascending
AVN15	2012-06-01	16:40:45.312711	ascending
AVN15	2012-07-01	16:41:19.171106	ascending
AVN15	2012-08-01	16:41:56.965456	ascending
AVN15	2012-09-01	16:42:39.824398	ascending
AVN15	2012-10-01	16:43:21.946720	ascending
AVN15	2012-11-01	16:44:07.811662	ascending
AVN15	2012-12-01	16:44:55.012112	ascending
AVN15	2013-01-01	16:45:45.375961	ascending
AVN15	2013-02-01	16:46:37.669755	ascending
AVN15	2013-03-01	16:47:34.082305	ascending
AVN15	2013-04-01	16:48:28.031531	ascending
AVN15	2013-05-01	16:49:31.362792	ascending
AVN15	2013-06-01	16:50:37.071268	ascending
AVN15	2013-07-01	16:51:40.598726	ascending
AVN15	2013-08-01	16:52:50.164023	ascending
AVN15	2013-09-01	16:54:01.034366	ascending
AVN15	2013-10-01	16:55:08.656791	ascending
AVN15	2013-11-01	16:56:25.704340	ascending
AVN15	2013-12-01	16:57:38.064368	ascending
AVN15	2014-01-01	16:58:54.386182	ascending
AVN15	2014-02-01	17:00:13.813637	ascending
AVN15	2014-03-01	17:01:33.206608	ascending
AVN15	2014-04-01	17:02:57.824557	ascending
AVN15	2014-05-01	17:04:22.782872	ascending
AVN15	2014-06-01	17:05:57.310485	ascending
AVN15	2014-07-01	17:07:27.080164	ascending
AVN15	2014-08-01	17:09:01.352734	ascending
AVN15	2014-09-01	17:10:33.897437	ascending
AVN15	2014-10-01	17:12:13.209406	ascending
AVN15	2014-11-01	17:13:50.299312	ascending
AVN15	2014-12-01	17:15:27.083132	ascending
AVN15	2015-01-01	17:17:09.364734	ascending
AVN15	2015-02-01	17:18:51.233528	ascending
AVN15	2015-03-01	17:20:25.157256	ascending
AVN15	2015-04-01	17:22:14.841238	ascending
AVN15	2015-05-01	17:23:58.596206	ascending
AVN15	2015-06-01	17:25:52.585684	ascending
AVN15	2015-07-01	17:27:39.484670	ascending
AVN15	2015-08-01	17:29:31.155584	ascending
AVN15	2015-09-01	17:31:25.912438	ascending
AVN15	2015-10-01	17:33:17.396563	ascending
AVN15	2015-11-01	17:35:12.802278	ascending
AVN15	2015-12-01	17:37:06.913241	ascending
AVN15	2016-01-01	17:39:01.772515	ascending
AVN15	2016-02-01	17:40:58.811776	ascending
AVN15	2016-03-01	17:42:50.056283	ascending
AVN15	2016-04-01	17:44:50.340624	ascending
AVN15	2016-05-01	17:46:47.906420	ascending
AVN15	2016-06-01	17:48:49.777038	ascending
AVN15	2016-07-01	17:50:47.247650	ascending
AVN15	2016-08-01	17:52:50.460471	ascending
AVN15	2016-09-01	17:54:53.310960	ascending
AVN15	2016-10-01	17:56:52.929385	ascending
AVN15	2016-11-01	17:58:55.187481	ascending
AVN15	2016-12-01	18:00:52.936237	ascending
AVN15	2017-01-01	18:02:53.901771	ascending
AVN15	2017-02-01	18:04:54.956381	ascending
AVN15	2017-03-01	18:06:45.379379	ascending
AVN15	2017-04-01	18:08:48.470985	ascending
AVN15	2017-05-01	18:10:47.379713	ascending
AVN15	2017-06-01	18:12:49.802097	ascending
AVN15	2017-07-01	18:14:47.541834	ascending
AVN15	2017-08-01	18:16:49.222029	ascending
AVN15	2017-09-01	18:18:51.872475	ascending
AVN15	2017-10-01	18:20:48.660649	ascending
AVN15	2017-11-01	18:22:48.553021	ascending
AVN15	2017-12-01	18:24:41.975089	ascending
AVN15	2018-01-01	18:26:37.965855	ascending
AVN15	2018-02-01	18:28:33.304857	ascending
AVN15	2018-03-01	18:30:18.121830	ascending
AVN15	2018-04-01	18:32:13.430109	ascending
AVN15	2018-05-01	18:34:04.458983	ascending
AVN15	2018-06-01	18:35:57.542599	ascending
AVN15	2018-07-01	18:37:45.606499	ascending
AVN15	2018-08-01	18:39:36.623297	ascending
AVN15	2018-09-01	18:41:26.956974	ascending
AVN15	2018-10-01	18:43:12.549999	ascending
AVN15	2018-11-01	18:45:01.173875	ascending
AVN15	2018-12-01	18:46:42.693641	ascending
AVN15	2019-01-01	18:48:25.174169	ascending
AVN15	2019-02-01	18:50:05.970503	ascending
AVN15	2019-03-01	18:51:36.107578	ascending
AVN15	2019-04-01	18:53:15.533035	ascending
AVN15	2019-05-01	18:54:49.854010	ascending
AVN15	2019-06-01	18:56:25.461854	ascending
AVN15	2019-07-01	18:57:55.887750	ascending
AVN15	2019-08-01	18:59:28.163375	ascending
AVN15	2019-09-01	19:00:59.791429	ascending
AVN15	2019-10-01	19:02:26.867816	ascending
AVN15	2019-11-01	19:03:53.696781	ascending
AVN15	2019-12-01	19:05:14.315243	ascending
AVN15	2020-01-01	19:06:35.288825	ascending
AVN15	2020-02-01	19:07:55.067301	ascending
AVN15	2020-03-01	19:09:07.788485	ascending
AVN15	2020-04-01	19:10:25.224873	ascending
AVN15	2020-05-01	19:11:36.128820	ascending
AVN15	2020-06-01	19:12:47.092246	ascending
AVN15	2020-07-01	19:13:53.837444	ascending
AVN15	2020-08-01	19:15:01.263642	ascending
AVN15	2020-09-01	19:16:07.800331	ascending
AVN15	2020-10-01	19:17:10.288237	ascending
AVN15	2020-11-01	19:18:11.356268	ascending
AVN15	2020-12-01	19:19:06.303531	ascending
AVN16	2001-02-01	01:55:22.858773	descending
AVN16	2001-04-01	01:54:09.758771	descending
AVN16	2001-05-01	01:53:59.232937	descending
AVN16	2001-06-01	01:53:44.656624	descending
AVN16	2001-09-01	01:52:48.003163	descending
AVN16	2001-10-01	01:52:41.581334	descending
AVN16	2001-11-01	01:52:36.310070	descending
AVN16	2002-02-01	01:52:46.454215	descending
AVN16	2002-03-01	01:52:56.837569	descending
AVN16	2002-06-01	01:53:50.218777	descending
AVN16	2002-07-01	01:54:16.501007	descending
AVN16	2002-09-01	01:54:54.137437	descending
AVN16	2002-12-01	01:56:45.814248	descending
AVN16	2003-02-01	01:58:21.582866	descending
AVN16	2003-03-01	01:59:15.895921	descending
AVN16	2003-05-01	02:00:50.316221	descending
AVN16	2003-08-01	02:04:16.074822	descending
AVN16	2003-10-01	02:06:24.563348	descending
AVN16	2003-12-01	02:09:09.665948	descending
AVN16	2004-02-01	02:11:50.974040	descending
AVN16	2004-03-01	02:13:27.292181	descending
AVN16	2004-05-01	02:16:33.478981	descending
AVN16	2004-07-01	02:20:08.493532	descending
AVN16	2004-09-01	02:23:39.899236	descending
AVN16	2004-11-01	02:27:31.893763	descending
AVN16	2005-01-01	02:31:36.940412	descending
AVN16	2005-04-01	02:38:17.451731	descending
AVN16	2005-06-01	02:42:47.419678	descending
AVN16	2005-08-01	02:48:00.208091	descending
AVN16	2005-10-01	02:52:53.764795	descending
AVN16	2005-12-01	02:58:32.757448	descending
AVN16	2006-04-01	03:10:01.087718	descending
AVN16	2006-06-01	03:16:10.836777	descending
AVN16	2006-08-01	03:22:38.483115	descending
AVN16	2006-09-01	03:26:05.686583	descending
AVN16	2006-10-01	03:29:12.675445	descending
AVN16	2006-11-01	03:32:31.632898	descending
AVN16	2007-01-01	03:39:49.209798	descending
AVN16	2007-03-01	03:46:29.127542	descending
AVN16	2007-05-01	03:54:19.640562	descending
AVN16	2007-07-01	04:01:48.214377	descending
AVN16	2007-09-01	04:09:58.636847	descending
AVN16	2007-12-01	04:21:52.950194	descending
AVN16	2008-02-01	04:30:38.786293	descending
AVN16	2008-04-01	04:38:48.716050	descending
AVN16	2008-06-01	04:47:55.644335	descending
AVN16	2008-09-01	05:01:09.043135	descending
AVN16	2008-11-01	05:10:20.774654	descending
AVN16	2009-02-01	05:24:13.818108	descending
AVN16	2009-03-01	05:28:27.936009	descending
AVN16	2009-04-01	05:33:00.951358	descending
AVN16	2009-06-01	05:42:36.114544	descending
AVN16	2009-08-01	05:51:51.424669	descending
AVN16	2009-09-01	05:56:35.230604	descending
AVN16	2009-11-01	06:06:21.505475	descending
AVN16	2010-01-01	06:15:26.635570	descending
AVN16	2010-02-01	06:20:20.990231	descending
AVN16	2010-03-01	06:24:50.145844	descending
AVN16	2010-04-01	06:29:27.253073	descending
AVN16	2010-06-01	06:38:40.732304	descending
AVN16	2010-08-01	06:48:03.387219	descending
AVN16	2010-09-01	06:52:32.932704	descending
AVN16	2010-11-01	07:01:53.866473	descending
AVN16	2011-01-01	07:10:36.308899	descending
AVN16	2011-02-01	07:15:02.919535	descending
AVN16	2011-03-01	07:19:15.766204	descending
AVN16	2011-04-01	07:23:45.181287	descending
AVN16	2011-06-01	07:32:01.186249	descending
AVN16	2011-09-01	07:44:52.424049	descending
AVN16	2011-11-01	07:53:01.879126	descending
AVN17	2002-07-01	22:00:43.494680	ascending
AVN17	2002-08-01	22:02:12.340218	ascending
AVN17	2002-09-01	22:03:39.991973	ascending
AVN17	2002-10-01	22:05:01.102500	ascending
AVN17	2002-11-01	22:06:21.577754	ascending
AVN17	2002-12-01	22:07:36.049040	ascending
AVN17	2003-01-01	22:08:50.284545	ascending
AVN17	2003-02-01	22:10:02.795920	ascending
AVN17	2003-03-01	22:11:03.793968	ascending
AVN17	2003-04-01	22:12:07.470930	ascending
AVN17	2003-05-01	22:13:06.781888	ascending
AVN17	2003-06-01	22:14:04.860857	ascending
AVN17	2003-07-01	22:15:00.234186	ascending
AVN17	2003-08-01	22:15:56.466936	ascending
AVN17	2003-09-01	22:16:50.831549	ascending
AVN17	2003-10-01	22:17:41.078042	ascending
AVN17	2003-11-01	22:18:27.974691	ascending
AVN17	2003-12-01	22:19:10.943702	ascending
AVN17	2004-01-01	22:19:52.671382	ascending
AVN17	2004-02-01	22:20:33.341087	ascending
AVN17	2004-03-01	22:21:06.811213	ascending
AVN17	2004-04-01	22:21:37.985931	ascending
AVN17	2004-05-01	22:22:04.369100	ascending
AVN17	2004-06-01	22:22:31.358817	ascending
AVN17	2004-07-01	22:22:56.904708	ascending
AVN17	2004-08-01	22:23:21.578478	ascending
AVN17	2004-09-01	22:23:42.893274	ascending
AVN17	2004-10-01	22:24:01.312885	ascending
AVN17	2004-11-01	22:24:16.573527	ascending
AVN17	2004-12-01	22:24:29.197882	ascending
AVN17	2005-01-01	22:24:40.324366	ascending
AVN17	2005-02-01	22:24:48.730589	ascending
AVN17	2005-03-01	22:24:51.934282	ascending
AVN17	2005-04-01	22:24:50.944844	ascending
AVN17	2005-05-01	22:24:47.686270	ascending
AVN17	2005-06-01	22:24:43.621058	ascending
AVN17	2005-07-01	22:24:36.658193	ascending
AVN17	2005-08-01	22:24:31.402723	ascending
AVN17	2005-09-01	22:24:22.696425	ascending
AVN17	2005-10-01	22:24:10.315189	ascending
AVN17	2005-11-01	22:23:54.640133	ascending
AVN17	2005-12-01	22:23:36.449974	ascending
AVN17	2006-01-01	22:23:15.021630	ascending
AVN17	2006-02-01	22:22:52.584685	ascending
AVN17	2006-03-01	22:22:28.882075	ascending
AVN17	2006-04-01	22:21:56.040953	ascending
AVN17	2006-05-01	22:21:21.816730	ascending
AVN17	2006-06-01	22:20:44.651653	ascending
AVN17	2006-07-01	22:20:08.126339	ascending
AVN17	2006-08-01	22:19:30.346831	ascending
AVN17	2006-09-01	22:18:48.131157	ascending
AVN17	2006-10-01	22:18:03.748657	ascending
AVN17	2006-11-01	22:17:18.607720	ascending
AVN17	2006-12-01	22:16:29.063979	ascending
AVN17	2007-01-01	22:15:35.413758	ascending
AVN17	2007-02-01	22:14:38.529250	ascending
AVN17	2007-03-01	22:13:42.963879	ascending
AVN17	2007-04-01	22:12:37.909126	ascending
AVN17	2007-05-01	22:11:30.591621	ascending
AVN17	2007-06-01	22:10:21.170159	ascending
AVN17	2007-07-01	22:09:13.403296	ascending
AVN17	2007-08-01	22:08:00.119091	ascending
AVN17	2007-09-01	22:06:45.096243	ascending
AVN17	2007-10-01	22:05:27.416967	ascending
AVN17	2007-11-01	22:04:04.423015	ascending
AVN17	2007-12-01	22:02:40.865000	ascending
AVN17	2008-01-01	22:01:11.882927	ascending
AVN17	2008-02-01	21:59:39.216721	ascending
AVN17	2008-03-01	21:58:10.202676	ascending
AVN17	2008-04-01	21:56:27.151469	ascending
AVN17	2008-05-01	21:54:47.079455	ascending
AVN17	2008-06-01	21:52:59.522889	ascending
AVN17	2008-07-01	21:51:14.085666	ascending
AVN17	2008-08-01	21:49:23.772536	ascending
AVN17	2008-09-01	21:47:30.663365	ascending
AVN17	2008-10-01	21:45:37.269897	ascending
AVN17	2008-11-01	21:43:35.374501	ascending
AVN17	2008-12-01	21:41:33.987453	ascending
AVN17	2009-01-01	21:39:27.731662	ascending
AVN17	2009-02-01	21:37:16.939135	ascending
AVN17	2009-03-01	21:35:13.398008	ascending
AVN17	2009-04-01	21:32:51.967509	ascending
AVN17	2009-05-01	21:30:31.538208	ascending
AVN17	2009-06-01	21:28:03.432593	ascending
AVN17	2009-07-01	21:25:38.810011	ascending
AVN17	2009-08-01	21:23:07.213510	ascending
AVN17	2009-09-01	21:20:34.690038	ascending
AVN17	2009-10-01	21:18:02.009444	ascending
AVN17	2009-11-01	21:15:19.048779	ascending
AVN17	2009-12-01	21:12:36.503976	ascending
AVN17	2010-01-01	21:09:45.457809	ascending
AVN17	2010-02-01	21:06:50.550848	ascending
AVN17	2010-03-01	21:04:08.962091	ascending
AVN18	2005-09-01	01:55:04.113562	descending
AVN18	2005-10-01	01:53:45.523981	descending
AVN18	2005-11-01	01:52:10.133096	descending
AVN18	2005-12-01	01:50:53.767389	descending
AVN18	2006-01-01	01:49:58.495626	descending
AVN18	2006-03-01	01:47:44.892023	descending
AVN18	2006-09-01	01:42:24.064161	descending
AVN18	2006-10-01	01:41:50.618061	descending
AVN18	2006-11-01	01:41:01.116353	descending
AVN18	2006-12-01	01:40:07.991000	descending
AVN18	2007-06-01	01:37:46.903178	descending
AVN18	2007-07-01	01:37:32.429447	descending
AVN18	2007-08-01	01:36:58.088160	descending
AVN18	2008-01-01	01:36:09.061287	descending
AVN18	2008-02-01	01:36:25.532366	descending
AVN18	2008-03-01	01:36:37.349386	descending
AVN18	2008-08-01	01:37:29.945807	descending
AVN18	2008-09-01	01:37:33.571029	descending
AVN18	2009-01-01	01:39:21.148713	descending
AVN18	2009-02-01	01:40:00.468243	descending
AVN18	2009-03-01	01:40:49.305052	descending
AVN18	2009-07-01	01:43:46.819867	descending
AVN18	2009-08-01	01:44:38.080655	descending
AVN18	2009-12-01	01:48:26.956146	descending
AVN18	2010-01-01	01:49:18.221752	descending
AVN18	2010-05-01	01:54:15.038689	descending
AVN18	2010-06-01	01:55:25.053562	descending
AVN18	2010-09-01	01:59:57.772497	descending
AVN18	2010-10-01	02:01:11.305348	descending
AVN18	2011-01-01	02:06:28.799058	descending
AVN18	2011-02-01	02:08:00.563714	descending
AVN18	2011-03-01	02:09:41.054850	descending
AVN18	2011-06-01	02:15:37.375310	descending
AVN18	2011-07-01	02:17:35.648256	descending
AVN18	2011-10-01	02:24:07.573527	descending
AVN18	2012-01-01	02:31:24.194192	descending
AVN18	2012-02-01	02:33:41.499371	descending
AVN18	2012-05-01	02:41:34.344218	descending
AVN18	2012-08-01	02:49:37.678513	descending
AVN18	2012-11-01	02:58:22.833605	descending
AVN18	2013-02-01	03:08:06.318836	descending
AVN18	2013-03-01	03:10:51.634948	descending
AVN18	2013-05-01	03:17:46.405144	descending
AVN18	2013-08-01	03:28:04.204808	descending
AVN18	2013-10-01	03:35:42.427842	descending
AVN18	2014-01-01	03:46:51.850023	descending
AVN18	2014-04-01	03:58:29.516621	descending
AVN18	2014-06-01	04:07:05.712595	descending
AVN18	2014-08-01	04:15:14.264061	descending
AVN18	2014-11-01	04:28:37.042763	descending
AVN18	2015-01-01	04:37:06.309936	descending
AVN18	2015-03-01	04:46:20.650453	descending
AVN18	2015-05-01	04:55:12.773164	descending
AVN18	2015-09-01	05:14:20.040806	descending
AVN18	2015-11-01	05:24:20.796694	descending
AVN18	2016-01-01	05:33:39.055299	descending
AVN18	2016-09-01	06:13:03.434562	descending
AVN18	2016-11-01	06:22:58.524830	descending
AVN18	2017-01-01	06:32:39.417771	descending
AVN18	2017-03-01	06:41:56.204568	descending
AVN18	2017-05-01	06:51:40.911330	descending
AVN18	2017-07-01	07:00:58.341493	descending
AVN18	2017-09-01	07:10:47.985824	descending
AVN18	2017-11-01	07:19:48.405844	descending
AVN18	2018-01-01	07:29:09.840205	descending
AVN18	2018-03-01	07:37:22.262781	descending
AVN18	2018-05-01	07:46:28.660946	descending
AVN18	2018-07-01	07:54:34.136965	descending
AVN18	2018-10-01	08:07:23.210874	descending
AVN18	2018-12-01	08:15:17.946725	descending
AVN18	2019-02-01	08:23:20.836410	descending
AVN18	2019-04-01	08:30:25.894029	descending
AVN18	2019-06-01	08:38:04.604297	descending
AVN18	2019-08-01	08:44:51.428667	descending
AVN18	2019-09-01	08:48:42.269477	descending
AVN18	2019-11-01	08:55:20.302581	descending
AVN18	2020-01-01	09:02:00.068999	descending
AVN18	2020-03-01	09:08:10.932453	descending
AVN18	2020-05-01	09:14:11.611097	descending
AVN18	2020-06-01	09:17:23.444206	descending
AVN18	2020-08-01	09:22:44.271220	descending
AVN18	2020-10-01	09:28:42.127674	descending
AVN18	2020-11-01	09:31:20.343466	descending
AVN19	2009-04-01	01:56:54.797645	descending
AVN19	2009-05-01	01:55:33.839359	descending
AVN19	2009-06-01	01:54:19.588488	descending
AVN19	2009-07-01	01:52:48.725872	descending
AVN19	2009-08-01	01:51:07.021838	descending
AVN19	2010-01-01	01:44:53.895250	descending
AVN19	2010-02-01	01:44:04.989473	descending
AVN19	2010-03-01	01:43:09.446597	descending
AVN19	2010-04-01	01:41:53.774126	descending
AVN19	2010-05-01	01:40:55.811829	descending
AVN19	2010-09-01	01:37:33.401876	descending
AVN19	2010-10-01	01:37:02.238759	descending
AVN19	2010-11-01	01:36:29.628049	descending
AVN19	2010-12-01	01:35:40.233964	descending
AVN19	2011-05-01	01:33:10.130046	descending
AVN19	2011-06-01	01:32:56.911883	descending
AVN19	2011-07-01	01:32:54.195093	descending
AVN19	2011-11-01	01:31:57.984992	descending
AVN19	2011-12-01	01:31:51.461201	descending
AVN19	2012-04-01	01:32:04.149628	descending
AVN19	2012-05-01	01:31:58.241743	descending
AVN19	2012-09-01	01:33:01.235513	descending
AVN19	2012-10-01	01:33:11.814838	descending
AVN19	2013-01-01	01:34:45.505934	descending
AVN19	2013-05-01	01:37:20.573703	descending
AVN19	2013-06-01	01:37:52.502856	descending
AVN19	2013-09-01	01:40:38.475594	descending
AVN19	2013-10-01	01:41:12.046601	descending
AVN19	2013-12-01	01:43:26.150717	descending
AVN19	2014-01-01	01:44:34.379874	descending
AVN19	2014-04-01	01:48:02.882540	descending
AVN19	2014-05-01	01:49:24.807479	descending
AVN19	2014-07-01	01:51:44.431928	descending
AVN19	2014-10-01	01:56:18.693607	descending
AVN19	2015-01-01	02:01:25.251488	descending
AVN19	2015-04-01	02:06:29.820203	descending
AVN19	2015-06-01	02:10:41.721250	descending
AVN19	2015-07-01	02:12:23.053641	descending
AVN19	2015-09-01	02:16:57.556457	descending
AVN19	2015-11-01	02:21:06.082191	descending
AVN19	2016-01-01	02:26:01.330679	descending
AVN19	2016-04-01	02:33:12.399315	descending
AVN19	2016-06-01	02:38:57.438389	descending
AVN19	2016-08-01	02:44:07.033812	descending
AVN19	2016-10-01	02:50:13.613944	descending
AVN19	2017-01-01	02:59:04.874227	descending
AVN19	2017-03-01	03:05:29.625145	descending
AVN19	2017-05-01	03:11:54.761550	descending
AVN19	2017-07-01	03:19:08.050155	descending
AVN19	2017-09-01	03:25:59.380361	descending
AVN19	2017-11-01	03:33:42.011989	descending
AVN19	2018-01-01	03:40:52.697567	descending
AVN19	2018-04-01	03:52:43.446498	descending
AVN19	2018-06-01	04:00:54.859037	descending
AVN19	2018-08-01	04:09:23.923592	descending
AVN19	2018-09-01	04:13:27.233067	descending
AVN19	2018-10-01	04:17:45.658699	descending
AVN19	2018-11-01	04:22:27.664017	descending
AVN19	2019-01-01	04:30:57.903514	descending
AVN19	2019-07-01	04:58:33.097290	descending
AVN19	2019-09-01	05:08:04.545762	descending
AVN19	2019-11-01	05:17:42.117960	descending
AVN19	2020-01-01	05:27:22.047346	descending
AVN19	2020-03-01	05:36:49.761388	descending
AVN19	2020-05-01	05:46:50.545450	descending
AVN19	2020-06-01	05:51:34.067654	descending
AVN19	2020-08-01	06:01:47.267286	descending
AVN19	2020-10-01	06:11:22.063710	descending
AVN19	2020-12-01	06:21:25.307188	descending
AVMEA	2007-06-01	21:31:08.129944	ascending
AVMEA	2007-07-01	21:31:11.544509	ascending
AVMEA	2007-08-01	21:31:13.566614	ascending
AVMEA	2007-09-01	21:31:12.819149	ascending
AVMEA	2007-10-01	21:31:07.778295	ascending
AVMEA	2007-11-01	21:30:59.408688	ascending
AVMEA	2007-12-01	21:30:45.778561	ascending
AVMEA	2008-01-01	21:30:28.450732	ascending
AVMEA	2008-02-01	21:30:07.890290	ascending
AVMEA	2008-03-01	21:29:44.231794	ascending
AVMEA	2008-04-01	21:29:13.531146	ascending
AVMEA	2008-05-01	21:29:17.704794	ascending
AVMEA	2008-06-01	21:29:39.187098	ascending
AVMEA	2008-07-01	21:29:58.038304	ascending
AVMEA	2008-08-01	21:30:15.936195	ascending
AVMEA	2008-09-01	21:30:31.984640	ascending
AVMEA	2008-10-01	21:30:41.593053	ascending
AVMEA	2008-11-01	21:30:49.061615	ascending
AVMEA	2008-12-01	21:31:06.940562	ascending
AVMEA	2009-01-01	21:31:13.771092	ascending
AVMEA	2009-02-01	21:31:24.259529	ascending
AVMEA	2009-03-01	21:31:27.974482	ascending
AVMEA	2009-04-01	21:31:26.123430	ascending
AVMEA	2009-05-01	21:31:21.458615	ascending
AVMEA	2009-06-01	21:31:13.017464	ascending
AVMEA	2009-07-01	21:31:04.191750	ascending
AVMEA	2009-08-01	21:30:52.631895	ascending
AVMEA	2009-09-01	21:30:37.227448	ascending
AVMEA	2009-10-01	21:30:31.633532	ascending
AVMEA	2009-11-01	21:30:37.704117	ascending
AVMEA	2009-12-01	21:30:41.614241	ascending
AVMEA	2010-01-01	21:30:41.602426	ascending
AVMEA	2010-02-01	21:30:37.571365	ascending
AVMEA	2010-03-01	21:30:29.705843	ascending
AVMEA	2010-04-01	21:30:16.083285	ascending
AVMEA	2010-05-01	21:29:58.759308	ascending
AVMEA	2010-06-01	21:29:39.080707	ascending
AVMEA	2010-07-01	21:29:18.424647	ascending
AVMEA	2010-08-01	21:28:54.608668	ascending
AVMEA	2010-09-01	21:28:28.026778	ascending
AVMEA	2010-10-01	21:27:58.021944	ascending
AVMEA	2010-11-01	21:28:10.864668	ascending
AVMEA	2010-12-01	21:28:29.115567	ascending
AVMEA	2011-01-01	21:28:39.161757	ascending
AVMEA	2011-02-01	21:28:52.592770	ascending
AVMEA	2011-03-01	21:28:55.903499	ascending
AVMEA	2011-04-01	21:28:57.831076	ascending
AVMEA	2011-05-01	21:28:54.328120	ascending
AVMEA	2011-06-01	21:28:48.662268	ascending
AVMEA	2011-07-01	21:28:41.686580	ascending
AVMEA	2011-08-01	21:28:31.516237	ascending
AVMEA	2011-09-01	21:28:18.828556	ascending
AVMEA	2011-10-01	21:28:06.263484	ascending
AVMEA	2011-11-01	21:28:36.138471	ascending
AVMEA	2011-12-01	21:29:03.995162	ascending
AVMEA	2012-01-01	21:29:25.991273	ascending
AVMEA	2012-02-01	21:29:46.522280	ascending
AVMEA	2012-03-01	21:29:58.373441	ascending
AVMEA	2012-04-01	21:30:11.648950	ascending
AVMEA	2012-05-01	21:30:17.228321	ascending
AVMEA	2012-06-01	21:30:22.373233	ascending
AVMEA	2012-07-01	21:30:22.882009	ascending
AVMEA	2012-08-01	21:30:24.710262	ascending
AVMEA	2012-09-01	21:30:21.408033	ascending
AVMEA	2012-10-01	21:30:15.519576	ascending
AVMEA	2012-11-01	21:30:04.034651	ascending
AVMEA	2012-12-01	21:29:47.546317	ascending
AVMEA	2013-01-01	21:29:30.376090	ascending
AVMEA	2013-02-01	21:29:05.684607	ascending
AVMEA	2013-03-01	21:28:42.017663	ascending
AVMEA	2013-04-01	21:28:28.211044	ascending
AVMEA	2013-05-01	21:28:43.366663	ascending
AVMEA	2013-06-01	21:29:00.794474	ascending
AVMEA	2013-07-01	21:29:10.316579	ascending
AVMEA	2013-08-01	21:29:21.760108	ascending
AVMEA	2013-09-01	21:29:27.774523	ascending
AVMEA	2013-10-01	21:29:33.448374	ascending
AVMEA	2013-11-01	21:29:31.648043	ascending
AVMEA	2013-12-01	21:29:26.826709	ascending
AVMEA	2014-01-01	21:29:18.374600	ascending
AVMEA	2014-02-01	21:29:04.900736	ascending
AVMEA	2014-03-01	21:28:47.504682	ascending
AVMEA	2014-04-01	21:28:32.198273	ascending
AVMEA	2014-05-01	21:28:47.518130	ascending
AVMEA	2014-06-01	21:29:14.896414	ascending
AVMEA	2014-07-01	21:29:35.505446	ascending
AVMEA	2014-08-01	21:29:56.914055	ascending
AVMEA	2014-09-01	21:30:14.236169	ascending
AVMEA	2014-10-01	21:30:25.833440	ascending
AVMEA	2014-11-01	21:30:32.983246	ascending
AVMEA	2014-12-01	21:30:36.653264	ascending
AVMEA	2015-01-01	21:30:41.577560	ascending
AVMEA	2015-02-01	21:30:36.958135	ascending
AVMEA	2015-03-01	21:30:34.126004	ascending
AVMEA	2015-04-01	21:30:17.055805	ascending
AVMEA	2015-05-01	21:30:05.630419	ascending
AVMEA	2015-06-01	21:29:50.238079	ascending
AVMEA	2015-07-01	21:29:30.250795	ascending
AVMEA	2015-08-01	21:29:07.265162	ascending
AVMEA	2015-09-01	21:28:43.998413	ascending
AVMEA	2015-10-01	21:28:15.917295	ascending
AVMEA	2015-11-01	21:28:01.473205	ascending
AVMEA	2015-12-01	21:28:20.787366	ascending
AVMEA	2016-01-01	21:28:40.984765	ascending
AVMEA	2016-02-01	21:28:55.143702	ascending
AVMEA	2016-03-01	21:29:04.013748	ascending
AVMEA	2016-04-01	21:29:06.944013	ascending
AVMEA	2016-05-01	21:29:10.512642	ascending
AVMEA	2016-06-01	21:29:11.527708	ascending
AVMEA	2016-07-01	21:29:08.680314	ascending
AVMEA	2016-08-01	21:29:03.293082	ascending
AVMEA	2016-09-01	21:28:54.102592	ascending
AVMEA	2016-10-01	21:29:09.894862	ascending
AVMEA	2016-11-01	21:29:19.337782	ascending
AVMEA	2016-12-01	21:29:28.756352	ascending
AVMEA	2017-01-01	21:29:32.518296	ascending
AVMEA	2017-02-01	21:29:30.784585	ascending
AVMEA	2017-03-01	21:29:26.802305	ascending
AVMEA	2017-04-01	21:29:20.496480	ascending
AVMEA	2017-05-01	21:29:06.448971	ascending
AVMEA	2017-06-01	21:28:53.283264	ascending
AVMEA	2017-07-01	21:28:35.745470	ascending
AVMEA	2017-08-01	21:28:16.140068	ascending
AVMEA	2017-09-01	21:27:53.737372	ascending
AVMEA	2017-10-01	21:27:28.341769	ascending
AVMEA	2017-11-01	21:26:56.007923	ascending
AVMEA	2017-12-01	21:26:23.616739	ascending
AVMEA	2018-01-01	21:25:44.922694	ascending
AVMEA	2018-02-01	21:25:02.682606	ascending
AVMEA	2018-03-01	21:24:20.374853	ascending
AVMEA	2018-04-01	21:23:30.251449	ascending
AVMEA	2018-05-01	21:22:37.348517	ascending
AVMEA	2018-06-01	21:21:38.666164	ascending
AVMEA	2018-07-01	21:20:40.382221	ascending
AVMEA	2018-08-01	21:19:38.154677	ascending
AVMEA	2018-09-01	21:18:34.863432	ascending
AVMEA	2018-10-01	21:17:26.075119	ascending
AVMEA	2018-11-01	21:16:12.535340	ascending
AVMEA	2018-12-01	21:14:59.191641	ascending
AVMEA	2019-01-01	21:13:34.912309	ascending
AVMEA	2019-02-01	21:12:09.390891	ascending
AVMEA	2019-03-01	21:10:48.968166	ascending
AVMEA	2019-04-01	21:09:14.992399	ascending
AVMEA	2019-05-01	21:07:41.393780	ascending
AVMEA	2019-06-01	21:05:59.746779	ascending
AVMEA	2019-07-01	21:04:18.590301	ascending
AVMEA	2019-08-01	21:02:31.739315	ascending
AVMEA	2019-09-01	21:00:42.545000	ascending
AVMEA	2019-10-01	20:58:55.527318	ascending
AVMEA	2019-11-01	20:56:55.387229	ascending
AVMEA	2019-12-01	20:54:57.007524	ascending
AVMEA	2020-01-01	20:52:51.675308	ascending
AVMEA	2020-02-01	20:50:43.945381	ascending
AVMEA	2020-03-01	20:48:38.383214	ascending
AVMEA	2020-04-01	20:46:20.005091	ascending
AVMEA	2020-05-01	20:44:04.864282	ascending
AVMEA	2020-06-01	20:41:39.205328	ascending
AVMEA	2020-07-01	20:39:15.977071	ascending
AVMEA	2020-08-01	20:36:46.112049	ascending
AVMEA	2020-09-01	20:34:13.761051	ascending
AVMEA	2020-10-01	20:31:42.854304	ascending
AVMEA	2020-11-01	20:29:01.783542	ascending
AVMEA	2020-12-01	20:26:19.660179	ascending
AVMEB	2013-01-01	21:30:43.415651	ascending
AVMEB	2013-02-01	21:31:03.214817	ascending
AVMEB	2013-03-01	21:31:20.115316	ascending
AVMEB	2013-04-01	21:31:31.075368	ascending
AVMEB	2013-05-01	21:31:39.504430	ascending
AVMEB	2013-06-01	21:31:45.758638	ascending
AVMEB	2013-07-01	21:31:45.738134	ascending
AVMEB	2013-08-01	21:31:49.447520	ascending
AVMEB	2013-09-01	21:31:48.872867	ascending
AVMEB	2013-10-01	21:31:40.939057	ascending
AVMEB	2013-11-01	21:31:33.606195	ascending
AVMEB	2013-12-01	21:31:45.282535	ascending
AVMEB	2014-01-01	21:31:53.710261	ascending
AVMEB	2014-02-01	21:31:58.527144	ascending
AVMEB	2014-03-01	21:31:59.186835	ascending
AVMEB	2014-04-01	21:31:56.690532	ascending
AVMEB	2014-05-01	21:31:46.731614	ascending
AVMEB	2014-06-01	21:31:39.176914	ascending
AVMEB	2014-07-01	21:31:28.467648	ascending
AVMEB	2014-08-01	21:31:14.246211	ascending
AVMEB	2014-09-01	21:30:57.555487	ascending
AVMEB	2014-10-01	21:30:38.273684	ascending
AVMEB	2014-11-01	21:30:42.599320	ascending
AVMEB	2014-12-01	21:31:01.414898	ascending
AVMEB	2015-01-01	21:31:23.186298	ascending
AVMEB	2015-02-01	21:31:39.202808	ascending
AVMEB	2015-03-01	21:31:49.221528	ascending
AVMEB	2015-04-01	21:31:56.292774	ascending
AVMEB	2015-05-01	21:31:59.575012	ascending
AVMEB	2015-06-01	21:32:00.262623	ascending
AVMEB	2015-07-01	21:31:59.355259	ascending
AVMEB	2015-08-01	21:31:56.764441	ascending
AVMEB	2015-09-01	21:31:46.395323	ascending
AVMEB	2015-10-01	21:31:37.085639	ascending
AVMEB	2015-11-01	21:31:24.049051	ascending
AVMEB	2015-12-01	21:31:05.348109	ascending
AVMEB	2016-01-01	21:30:43.447577	ascending
AVMEB	2016-02-01	21:30:16.473876	ascending
AVMEB	2016-03-01	21:29:48.394111	ascending
AVMEB	2016-04-01	21:29:31.722879	ascending
AVMEB	2016-05-01	21:29:25.957466	ascending
AVMEB	2016-06-01	21:29:55.967143	ascending
AVMEB	2016-07-01	21:30:18.695631	ascending
AVMEB	2016-08-01	21:30:43.783851	ascending
AVMEB	2016-09-01	21:31:03.910506	ascending
AVMEB	2016-10-01	21:31:19.239097	ascending
AVMEB	2016-11-01	21:31:31.602239	ascending
AVMEB	2016-12-01	21:31:39.403422	ascending
AVMEB	2017-01-01	21:31:42.562354	ascending
AVMEB	2017-02-01	21:31:43.097885	ascending
AVMEB	2017-03-01	21:31:40.150137	ascending
AVMEB	2017-04-01	21:31:30.977156	ascending
AVMEB	2017-05-01	21:31:18.751307	ascending
AVMEB	2017-06-01	21:31:03.681614	ascending
AVMEB	2017-07-01	21:30:48.841447	ascending
AVMEB	2017-08-01	21:30:29.318666	ascending
AVMEB	2017-09-01	21:30:07.487743	ascending
AVMEB	2017-10-01	21:30:02.511219	ascending
AVMEB	2017-11-01	21:30:08.048027	ascending
AVMEB	2017-12-01	21:30:09.798390	ascending
AVMEB	2018-01-01	21:30:10.184309	ascending
AVMEB	2018-02-01	21:30:04.979688	ascending
AVMEB	2018-03-01	21:29:54.400022	ascending
AVMEB	2018-04-01	21:29:43.137323	ascending
AVMEB	2018-05-01	21:29:26.406485	ascending
AVMEB	2018-06-01	21:29:05.900737	ascending
AVMEB	2018-07-01	21:28:43.361246	ascending
AVMEB	2018-08-01	21:28:18.583795	ascending
AVMEB	2018-09-01	21:27:51.183715	ascending
AVMEB	2018-10-01	21:27:33.367737	ascending
AVMEB	2018-11-01	21:27:34.644842	ascending
AVMEB	2018-12-01	21:28:02.231020	ascending
AVMEB	2019-01-01	21:28:26.482423	ascending
AVMEB	2019-02-01	21:28:47.684184	ascending
AVMEB	2019-03-01	21:29:05.438817	ascending
AVMEB	2019-04-01	21:29:16.909006	ascending
AVMEB	2019-05-01	21:29:27.168021	ascending
AVMEB	2019-06-01	21:29:33.917777	ascending
AVMEB	2019-07-01	21:29:35.469081	ascending
AVMEB	2019-08-01	21:29:35.142481	ascending
AVMEB	2019-09-01	21:29:35.835068	ascending
AVMEB	2019-10-01	21:29:30.799655	ascending
AVMEB	2019-11-01	21:29:37.035060	ascending
AVMEB	2019-12-01	21:29:55.357954	ascending
AVMEB	2020-01-01	21:30:11.662754	ascending
AVMEB	2020-02-01	21:30:24.106141	ascending
AVMEB	2020-03-01	21:30:31.258595	ascending
AVMEB	2020-04-01	21:30:33.694658	ascending
AVMEB	2020-05-01	21:30:30.028808	ascending
AVMEB	2020-06-01	21:30:29.162280	ascending
AVMEB	2020-07-01	21:30:20.382836	ascending
AVMEB	2020-08-01	21:30:14.117283	ascending
AVMEB	2020-09-01	21:30:03.062772	ascending
AVMEB	2020-10-01	21:29:54.830654	ascending
AVMEB	2020-11-01	21:30:06.472645	ascending
AVMEB	2020-12-01	21:30:16.983711	ascending
AVMEC	2019-09-01	21:30:53.452779	ascending
AVMEC	2019-10-01	21:30:49.756078	ascending
AVMEC	2019-11-01	21:30:41.151646	ascending
AVMEC	2019-12-01	21:30:29.239853	ascending
AVMEC	2020-01-01	21:30:49.509399	ascending
AVMEC	2020-02-01	21:31:08.893844	ascending
AVMEC	2020-03-01	21:31:20.873939	ascending
AVMEC	2020-04-01	21:31:29.372160	ascending
AVMEC	2020-05-01	21:31:34.041037	ascending
AVMEC	2020-06-01	21:31:34.749462	ascending
AVMEC	2020-07-01	21:31:33.445950	ascending
AVMEC	2020-08-01	21:31:30.291584	ascending
AVMEC	2020-09-01	21:31:24.686815	ascending
AVMEC	2020-10-01	21:31:15.477623	ascending
AVMEC	2020-11-01	21:31:25.571423	ascending
AVMEC	2020-12-01	21:31:39.769633	ascending
